axis,case,n,accuracy,precision,recall,f1,brier,ece,auc,pos_rate,flips_bad,flips_good,amp_ratio,d_acc,d_brier
clean,reference,9072,0.7256393298059964,0.7138692211578509,0.7545674664318732,0.7336543606206527,0.18098369576087842,0.06370209494763344,0.8121521214301826,0.529320987654321,0,0,1.0,0.0,0.0
cloud,cloud_1e1Pa,9072,0.5327380952380952,0.5578386605783866,0.32269425489764475,0.4088690559196765,0.30177547588753895,0.19772860423433453,0.5474379724335751,0.2896825396825397,2838,1088,0.0417714951777962,-19.29012345679012,0.12079178012666053
cloud,cloud_1e2Pa,9072,0.6169532627865961,0.6530085959885387,0.5016508914814,0.5674094360761858,0.24903415103132018,0.1287460874460598,0.6702284789096334,0.38470017636684306,1803,817,0.3731900466905369,-10.868606701940031,0.06805045527044176
cloud,cloud_1e3Pa,9072,0.6726190476190477,0.6892900120336943,0.6304204270305965,0.6585421936077259,0.2121811089217213,0.08510191793794984,0.7473194367970406,0.4580026455026455,1012,531,0.6659141442509887,-5.302028218694876,0.031197413160842874
cloud,cloud_1e4Pa,9072,0.7096560846560847,0.7071847189060126,0.7171472595201409,0.7121311475409836,0.1913958103253346,0.06555739344907448,0.7903374622914612,0.5078262786596119,403,258,0.8696280192265576,-1.5983245149911784,0.010412114564456176
cloud,cloud_1e5Pa,9072,0.7228835978835979,0.7130854862423861,0.7473035439137135,0.7297936371453139,0.182855183268724,0.06285317787059583,0.8082489362096115,0.5248015873015873,100,75,0.9683066185082301,-0.275573192239853,0.0018714875078455762
exomol,exomol,9072,0.7067901234567902,0.6821435480750628,0.7761391151221659,0.7261120263591433,0.19264178712506932,0.07422097725383084,0.7919224250382024,0.5697751322751323,610,439,0.9196178533883226,-1.8849206349206282,0.011658091364190909
exomol,exomol_o3,9072,0.6694223985890653,0.6812206572769953,0.6387849438696896,0.6593206861297285,0.21376619734886437,0.09512624128046568,0.7461497060035294,0.4695767195767196,1005,495,0.8640203167025811,-5.6216931216931165,0.03278250158798596
exotransmit,exotransmit,9072,0.7043650793650794,0.6956887486855942,0.7281532027294739,0.7115508711550871,0.1949508888460256,0.06887677927687105,0.7835329510260557,0.5241402116402116,799,606,0.8883672758796954,-2.127425044091702,0.013967193085147184
haze,haze_1p0e10,9071,0.5254106493220152,0.59296875,0.16707021791767554,0.2606903657908295,0.3219559221716498,0.26787614144188554,0.600746211699901,0.1411090287730129,2957,1141,0.3661573572981155,-20.022868048398124,0.1409722264107714
haze,haze_2p0e5,9072,0.7267416225749559,0.7208904109589042,0.7413603345806735,0.7309820944112859,0.18083005081977263,0.05929886485077112,0.8118665598522341,0.5149911816578483,80,90,0.9909490170977316,0.11022927689594564,-0.00015364494110578497
haze,haze_2p0e6,9071,0.6954029324220042,0.733841303205465,0.6147919876733436,0.6690621631333094,0.20527650570097622,0.0987129960221041,0.7790944587992712,0.41957887774225555,676,402,0.9183993282187981,-3.0236397383992197,0.024292809940097804
haze,haze_2p4e8,9071,0.5574909050821298,0.6901509705248023,0.21131410961919436,0.3235591506572295,0.31771165374981186,0.283939622355523,0.6885750482822561,0.15334582736192262,2549,1024,0.6037431831029919,-16.81484247238666,0.13672795798893345
haze,haze_3p0e7,9071,0.5959651637085217,0.7248975409836066,0.311468192824125,0.4357197844495766,0.28298025365255525,0.2408925937883956,0.7192610423056011,0.21519126887884468,2054,878,0.7642486450380084,-12.967416609747474,0.10199655789167683
tlse,tlse_fac05,9072,0.7202380952380952,0.7000598682897625,0.7721769755668061,0.7343521038308561,0.18370228299343008,0.07025737203066311,0.8097172782421519,0.5523589065255732,374,325,1.020078390258049,-0.5401234567901203,0.002718587232551667
tlse,tlse_fac10,9072,0.7151675485008818,0.6881844380403458,0.788465771516619,0.7349199835863767,0.1862952319443242,0.07291171648679219,0.8080178089721111,0.5737433862433863,593,498,1.0379182808394292,-1.0471781305114614,0.005311536183445792
tlse,tlse_mixed,9072,0.7005070546737213,0.7608571428571429,0.5861765353290777,0.6621907248539103,0.1984539100556904,0.10265504116376427,0.7971540754771984,0.38580246913580246,1343,1115,0.951012850375745,-2.5132275132275117,0.017470214294811992
tlse,tlse_spots02,9072,0.7272927689594356,0.7313800044732722,0.7197886858903808,0.7255380519192367,0.18125881325043083,0.05711925539107602,0.8109778220402409,0.49283509700176364,579,594,0.9826377855136786,0.16534391534391846,0.00027511748955241777
tlse,tlse_spots05,9072,0.7115299823633157,0.7406296851574213,0.6524323134492626,0.6937390286717379,0.18717452795345704,0.07698453539765622,0.8057603148093435,0.44113756613756616,1036,908,0.9577643942542688,-1.4109347442680775,0.006190832192578627
tlse,tlse_spots10,9072,0.6940035273368607,0.7663551401869159,0.5595421527624918,0.6468193384223918,0.20656722977679426,0.11779239116814744,0.7905494646066704,0.3656305114638448,1446,1159,0.9429270243412421,-3.1635802469135776,0.025583534015915843
tlse,tlse_spots20,9072,0.6299603174603174,0.7815764482431149,0.3623156504512437,0.4951120469243495,0.26350895799922286,0.21882153617881725,0.7497164675592958,0.23214285714285715,2101,1233,1.0500631645728127,-9.567901234567898,0.08252526223834444
white noise,snr12,9072,0.7238756613756614,0.716624149659864,0.7420206911732335,0.7291013301611333,0.1813063106594624,0.055161841662939,0.810397099971631,0.5185185185185185,461,445,1.0,-0.17636684303350414,0.00032261489858398384
white noise,snr10,9072,0.7175925925925926,0.7084824247526836,0.7409200968523002,0.724338282763073,0.1866364132977549,0.059627154468340285,0.80006201140623,0.5236992945326279,586,513,1.0,-0.8046737213403876,0.005652717536876489
white noise,snr8,9072,0.7103174603174603,0.708469409971696,0.7162667840633943,0.7123467600700525,0.18904714241117246,0.0618604162192166,0.7933728815017385,0.5062830687830688,729,590,1.0,-1.5321869488536088,0.008063446650294043
white noise,snr5,9072,0.6908068783068783,0.7028478057889822,0.6627779000660357,0.682224991503342,0.20146149114257675,0.07101458135985718,0.7687538331860609,0.4722222222222222,1118,802,1.0,-3.4832451499118178,0.020477795381698333
correlated noise,snr12,9072,0.7192460317460317,0.7114406779661017,0.7391591459388069,0.7250350858253266,0.18384314054946846,0.06240571494422839,0.8058557693134862,0.5202821869488536,526,468,1.0,-0.6393298059964692,0.002859444788590043
correlated noise,snr10,9072,0.7158289241622575,0.7088204038257173,0.7340964120625137,0.7212370242214533,0.1889091153823153,0.06319384847733156,0.7963470863800566,0.5186287477954145,690,601,1.0,-0.9810405643738918,0.007925419621436891
correlated noise,snr8,9072,0.6972001763668431,0.6969298245614035,0.699537750385208,0.6982313523014391,0.2002769130562993,0.08057833446445997,0.775532876956471,0.5026455026455027,973,715,1.0,-2.8439153439153375,0.019293217295420884
correlated noise,snr5,9072,0.6619268077601411,0.6768935762224353,0.6216156724631301,0.6480780263912794,0.22432026909176678,0.11368822829462784,0.7330941640700595,0.45987654320987653,1493,915,1.0,-6.371252204585531,0.04333657333088836
gain ramp,x0.25,9072,0.7265211640211641,0.7151502504173622,0.7543473475676865,0.7342260310658811,0.1804362997903511,0.06128017342940131,0.8129517230096922,0.5282186948853616,152,160,1.003009306684554,0.08818342151676317,-0.0005473959705273035
gain ramp,x0.5,9072,0.7208994708994709,0.7090002078569944,0.7508254457407,0.7293136626042335,0.18296629543833393,0.06563411492565269,0.8089317469676063,0.5303130511463845,303,260,1.0053044196086482,-0.4739858906525507,0.00198259967745551
gain ramp,x1.0,9072,0.7163800705467372,0.7063259321323837,0.7422408100374203,0.7238381453257486,0.18617876809011738,0.06914007284463344,0.8029652086315173,0.5262345679012346,501,417,1.0057105297346853,-0.9259259259259189,0.0051950723292389644
gain ramp,x2.0,9072,0.7060185185185185,0.6982248520710059,0.7272727272727273,0.7124528301886792,0.1930501020805905,0.07819955196885335,0.7910474416175902,0.5216049382716049,842,664,1.036581093647778,-1.9620811287477946,0.012066406319712092
baseline offset,x0.25,9072,0.7259700176366843,0.7148527261332777,0.7532467532467533,0.7335476956055734,0.18064322259258836,0.05993433085531389,0.8123520461261049,0.5276675485008818,190,193,1.0,0.03306878306879035,-0.00034047316829005636
baseline offset,x0.5,9072,0.7203483245149912,0.7088713036234903,0.7492846136913933,0.728517924023542,0.18209592150870849,0.06372502144603502,0.8102820831263897,0.529320987654321,314,266,1.0,-0.5291005291005235,0.0011122257478300701
baseline offset,x1.0,9072,0.718805114638448,0.7060405461315681,0.7512656834690733,0.7279513703743201,0.1836527956501811,0.06469366355919044,0.8073853985811204,0.5328483245149912,488,426,1.0,-0.6834215167548452,0.002669099889302695
baseline offset,x2.0,9072,0.7253086419753086,0.7119239512295928,0.7583094871230465,0.7343849925389043,0.1808307318951461,0.059593743371171126,0.8122471142144732,0.5333994708994709,655,652,1.0,-0.03306878306877925,-0.00015296386573232512
absolute noise,20 ppm,9072,0.7296075837742504,0.716985049833887,0.7600704380365397,0.7378993482209638,0.1834800000029957,0.07442351188789888,0.8110351482050253,0.5308641975308642,676,712,1.0,0.3968253968253954,0.0024963042421172754
absolute noise,50 ppm,9072,0.72255291005291,0.7135328836424958,0.7451023552718468,0.7289759879401314,0.18584841838325986,0.07205069824360061,0.8058088196948499,0.5229276895943563,823,795,1.0,-0.30864197530864335,0.00486472262238144
absolute noise,100 ppm,9072,0.7195767195767195,0.7213732004429679,0.7169271406559542,0.719143298741444,0.19063299592430571,0.07177822342441406,0.795612125579829,0.4976851851851852,930,875,1.0,-0.6062610229276899,0.009649300163427299
absolute noise,200 ppm,9072,0.7080026455026455,0.7253688719657306,0.6709222980409421,0.6970840480274443,0.19784942908498143,0.08355868424369413,0.783188046296601,0.46318342151675485,1113,953,1.0,-1.763668430335097,0.016865733324103016
noise colouring,white snr15,9072,0.7251984126984127,0.7110790774299836,0.7600704380365397,0.7347590169166933,0.18036263683209935,0.05825500507597569,0.8128330610077246,0.5352733686067019,642,638,1.0,-0.044091710758376035,-0.0006210589287790613
noise colouring,ariel snr15,9072,0.7254188712522046,0.711372064276885,0.7600704380365397,0.7349153985314462,0.17992024809778104,0.056530754870326126,0.8138525384409723,0.53505291005291,615,613,1.0,-0.022045855379182466,-0.0010634476630973777
noise colouring,white snr10,9072,0.7171516754850088,0.7110826393337604,0.7329958177415804,0.7218729676999783,0.18609009811935828,0.06080211624765943,0.8012289961816741,0.5162037037037037,801,724,1.0,-0.8487654320987637,0.005106402358479867
noise colouring,ariel snr10,9072,0.7175925925925926,0.7097183993224645,0.737838432753687,0.7235052881502266,0.18551202554426158,0.06188537579808365,0.802449637664131,0.5206128747795414,735,662,1.0,-0.8046737213403876,0.0045283297833831615
noise colouring,white snr7,9072,0.7085537918871252,0.7096489291234268,0.7074620294959278,0.7085537918871252,0.19047349773067707,0.059626571522825245,0.7902628580837936,0.4992283950617284,936,781,1.0,-1.708553791887124,0.00948980196979865
noise colouring,ariel snr7,9072,0.7119708994708994,0.7136846767050488,0.7094430992736077,0.711557567060382,0.18844276584763323,0.05756004751418474,0.7943908279691612,0.49779541446208114,892,768,1.0,-1.3668430335097015,0.00745907008675481
noise colouring,white snr5,9072,0.6948853615520282,0.7082844402722366,0.6643187321153423,0.6855974557019536,0.2002593953241045,0.07326739873388877,0.7714000711631797,0.4696869488536155,1190,911,1.0,-3.0753968253968256,0.019275699563226084
noise colouring,ariel snr5,9072,0.6978615520282186,0.7137096774193549,0.6623376623376623,0.6870647334170568,0.1965649528350764,0.06691926538885112,0.7789684371711308,0.46472663139329806,1131,879,1.0,-2.777777777777779,0.015581257074197996
