threshold,molecule,model,base_rate,clean,haze3e7,cloud1e2,absorbers,spots10,spots20,noise_x2,noise_x3,clean_coverage,haze3e7_coverage,cloud1e2_coverage,absorbers_coverage,spots10_coverage,spots20_coverage,noise_x2_coverage,noise_x3_coverage
1e-5,CH4,KNN,0.590146750524109,0.79979035639413,0.6289308176100629,0.7379454926624738,0.7861635220125787,0.7442348008385744,0.6928721174004193,0.7285115303983228,0.6656184486373166,,,,,,,,
1e-5,CH4,MLP,0.590146750524109,0.8081761006289309,0.40985324947589097,0.6677148846960168,0.8018867924528302,0.7012578616352201,0.60062893081761,0.7064989517819706,0.6467505241090147,,,,,,,,
1e-5,CH4,RFC,0.590146750524109,0.7725366876310272,0.5387840670859538,0.6289308176100629,0.7693920335429769,0.6761006289308176,0.6215932914046122,0.6215932914046122,0.5335429769392034,,,,,,,,
1e-5,CH4,SVC,0.590146750524109,0.810272536687631,0.4119496855345912,0.6781970649895178,0.8060796645702306,0.6918238993710691,0.610062893081761,0.6708595387840671,0.5754716981132075,,,,,,,,
1e-5,H2O,KNN,0.6111111111111112,0.6090146750524109,0.45073375262054505,0.5576519916142557,0.6048218029350105,0.5985324947589099,0.5587002096436059,0.5513626834381551,0.5293501048218029,,,,,,,,
1e-5,H2O,MLP,0.6111111111111112,0.7075471698113207,0.3888888888888889,0.560796645702306,0.7064989517819706,0.6111111111111112,0.5377358490566038,0.6058700209643606,0.5639412997903563,,,,,,,,
1e-5,H2O,RFC,0.6111111111111112,0.6740041928721174,0.39308176100628933,0.5125786163522013,0.6719077568134172,0.5440251572327044,0.5,0.5807127882599581,0.5366876310272537,,,,,,,,
1e-5,H2O,SVC,0.6111111111111112,0.6865828092243187,0.3888888888888889,0.5450733752620545,0.6823899371069182,0.5943396226415094,0.5230607966457023,0.570230607966457,0.5178197064989518,,,,,,,,
1e-5,CO2,KNN,0.589098532494759,0.7777777777777778,0.6761006289308176,0.7431865828092243,0.7725366876310272,0.749475890985325,0.7232704402515723,0.7085953878406709,0.6310272536687631,,,,,,,,
1e-5,CO2,MLP,0.589098532494759,0.8071278825995807,0.4129979035639413,0.710691823899371,0.810272536687631,0.6666666666666666,0.5943396226415094,0.6865828092243187,0.6058700209643606,,,,,,,,
1e-5,CO2,RFC,0.589098532494759,0.7955974842767296,0.4779874213836478,0.7190775681341719,0.7955974842767296,0.6792452830188679,0.60062893081761,0.6373165618448637,0.5356394129979035,,,,,,,,
1e-5,CO2,SVC,0.589098532494759,0.8134171907756813,0.4140461215932914,0.7306079664570231,0.8155136268343816,0.7023060796645703,0.6247379454926625,0.6656184486373166,0.5649895178197065,,,,,,,,
1e-5,NH3,KNN,0.5744234800838575,0.7316561844863732,0.48951781970649894,0.6614255765199162,0.7389937106918238,0.6781970649895178,0.6153039832285115,0.6792452830188679,0.6236897274633124,,,,,,,,
1e-5,NH3,MLP,0.5744234800838575,0.8039832285115304,0.42557651991614254,0.6247379454926625,0.8018867924528302,0.6635220125786163,0.5723270440251572,0.7012578616352201,0.6310272536687631,,,,,,,,
1e-5,NH3,RFC,0.5744234800838575,0.790356394129979,0.42662473794549266,0.5849056603773585,0.7851153039832285,0.6184486373165619,0.5513626834381551,0.6614255765199162,0.539832285115304,,,,,,,,
1e-5,NH3,SVC,0.5744234800838575,0.7819706498951782,0.42557651991614254,0.6373165618448637,0.7861635220125787,0.6509433962264151,0.5670859538784067,0.6729559748427673,0.5859538784067087,,,,,,,,
1e-4,CH4,KNN,0.6236897274633124,0.8459119496855346,0.7327044025157232,0.8322851153039832,0.839622641509434,0.8291404612159329,0.7976939203354297,0.790356394129979,0.7253668763102725,,,,,,,,
1e-4,CH4,MLP,0.6236897274633124,0.8637316561844863,0.6236897274633124,0.7306079664570231,0.860587002096436,0.7746331236897275,0.7159329140461216,0.7641509433962265,0.7243186582809225,,,,,,,,
1e-4,CH4,RFC,0.6236897274633124,0.8259958071278826,0.6708595387840671,0.709643605870021,0.8312368972746331,0.7610062893081762,0.7316561844863732,0.7138364779874213,0.6677148846960168,,,,,,,,
1e-4,CH4,SVC,0.6236897274633124,0.859538784067086,0.6236897274633124,0.7431865828092243,0.8574423480083857,0.7872117400419287,0.7337526205450734,0.7547169811320755,0.6970649895178197,,,,,,,,
1e-4,H2O,KNN,0.6184486373165619,0.6876310272536688,0.6331236897274634,0.6656184486373166,0.689727463312369,0.6970649895178197,0.6698113207547169,0.6572327044025157,0.6446540880503144,,,,,,,,
1e-4,H2O,MLP,0.6184486373165619,0.7756813417190775,0.6184486373165619,0.6939203354297694,0.7714884696016772,0.740041928721174,0.6918238993710691,0.7117400419287212,0.6719077568134172,,,,,,,,
1e-4,H2O,RFC,0.6184486373165619,0.7547169811320755,0.6184486373165619,0.6645702306079665,0.7536687631027253,0.689727463312369,0.6582809224318659,0.6865828092243187,0.6477987421383647,,,,,,,,
1e-4,H2O,SVC,0.6184486373165619,0.7767295597484277,0.6184486373165619,0.6844863731656184,0.7746331236897275,0.7253668763102725,0.6802935010482181,0.6907756813417191,0.660377358490566,,,,,,,,
1e-4,CO2,KNN,0.5953878406708595,0.7872117400419287,0.7274633123689728,0.7809224318658281,0.7924528301886793,0.7683438155136268,0.7610062893081762,0.7337526205450734,0.69916142557652,,,,,,,,
1e-4,CO2,MLP,0.5953878406708595,0.8081761006289309,0.5953878406708596,0.7180293501048218,0.8144654088050315,0.740041928721174,0.6813417190775681,0.7211740041928721,0.6771488469601677,,,,,,,,
1e-4,CO2,RFC,0.5953878406708595,0.7767295597484277,0.6226415094339622,0.7023060796645703,0.7788259958071279,0.710691823899371,0.6802935010482181,0.6530398322851153,0.629979035639413,,,,,,,,
1e-4,CO2,SVC,0.5953878406708595,0.8092243186582809,0.5953878406708596,0.7264150943396226,0.8144654088050315,0.7379454926624738,0.6844863731656184,0.6834381551362684,0.6477987421383647,,,,,,,,
1e-4,NH3,KNN,0.610062893081761,0.8071278825995807,0.6362683438155137,0.7526205450733753,0.810272536687631,0.7651991614255765,0.7159329140461216,0.7274633123689728,0.6844863731656184,,,,,,,,
1e-4,NH3,MLP,0.610062893081761,0.859538784067086,0.610062893081761,0.7023060796645703,0.8584905660377359,0.7389937106918238,0.6960167714884696,0.7683438155136268,0.720125786163522,,,,,,,,
1e-4,NH3,RFC,0.610062893081761,0.8490566037735849,0.610062893081761,0.660377358490566,0.8480083857442348,0.7127882599580713,0.6687631027253669,0.6981132075471698,0.640461215932914,,,,,,,,
1e-4,NH3,SVC,0.610062893081761,0.859538784067086,0.610062893081761,0.70020964360587,0.859538784067086,0.7348008385744235,0.6918238993710691,0.7536687631027253,0.6876310272536688,,,,,,,,
1e-3,CH4,KNN,0.790356394129979,0.850104821802935,0.8144654088050315,0.8542976939203354,0.8490566037735849,0.8469601677148847,0.839622641509434,0.8333333333333334,0.8144654088050315,,,,,,,,
1e-3,CH4,MLP,0.790356394129979,0.8742138364779874,0.790356394129979,0.8029350104821803,0.8721174004192872,0.8417190775681341,0.8176100628930818,0.8259958071278826,0.8123689727463312,,,,,,,,
1e-3,CH4,RFC,0.790356394129979,0.839622641509434,0.7987421383647799,0.8050314465408805,0.8375262054507338,0.8259958071278826,0.8165618448637316,0.8092243186582809,0.79979035639413,,,,,,,,
1e-3,CH4,SVC,0.790356394129979,0.8721174004192872,0.790356394129979,0.8060796645702306,0.8710691823899371,0.8364779874213837,0.8249475890985325,0.8207547169811321,0.8018867924528302,,,,,,,,
1e-3,H2O,KNN,0.8270440251572327,0.8385744234800838,0.8280922431865828,0.8343815513626834,0.8385744234800838,0.8354297693920335,0.839622641509434,0.8333333333333334,0.8228511530398323,,,,,,,,
1e-3,H2O,MLP,0.8270440251572327,0.8731656184486373,0.8259958071278826,0.8406708595387841,0.8752620545073375,0.8637316561844863,0.8480083857442348,0.8427672955974843,0.8301886792452831,,,,,,,,
1e-3,H2O,RFC,0.8270440251572327,0.8532494758909853,0.8270440251572327,0.8322851153039832,0.8542976939203354,0.8448637316561844,0.8301886792452831,0.8322851153039832,0.8291404612159329,,,,,,,,
1e-3,H2O,SVC,0.8270440251572327,0.860587002096436,0.8270440251572327,0.8364779874213837,0.860587002096436,0.8417190775681341,0.839622641509434,0.8364779874213837,0.8322851153039832,,,,,,,,
1e-3,CO2,KNN,0.8155136268343816,0.8218029350104822,0.8301886792452831,0.8291404612159329,0.8270440251572327,0.8375262054507338,0.8385744234800838,0.8155136268343816,0.8134171907756813,,,,,,,,
1e-3,CO2,MLP,0.8155136268343816,0.8249475890985325,0.8155136268343816,0.8144654088050315,0.8354297693920335,0.8333333333333334,0.8280922431865828,0.8071278825995807,0.8071278825995807,,,,,,,,
1e-3,CO2,RFC,0.8155136268343816,0.8312368972746331,0.8155136268343816,0.8218029350104822,0.8354297693920335,0.8280922431865828,0.8270440251572327,0.8228511530398323,0.8197064989517819,,,,,,,,
1e-3,CO2,SVC,0.8155136268343816,0.860587002096436,0.8155136268343816,0.8364779874213837,0.860587002096436,0.8427672955974843,0.8322851153039832,0.8301886792452831,0.8259958071278826,,,,,,,,
1e-3,NH3,KNN,0.8165618448637316,0.8616352201257862,0.8165618448637316,0.8490566037735849,0.8616352201257862,0.8448637316561844,0.8385744234800838,0.8291404612159329,0.8207547169811321,,,,,,,,
1e-3,NH3,MLP,0.8165618448637316,0.8857442348008385,0.8155136268343816,0.8155136268343816,0.8867924528301887,0.8553459119496856,0.8354297693920335,0.8511530398322851,0.8238993710691824,,,,,,,,
1e-3,NH3,RFC,0.8165618448637316,0.8784067085953878,0.8165618448637316,0.8186582809224319,0.8773584905660378,0.8438155136268344,0.8291404612159329,0.8354297693920335,0.8249475890985325,,,,,,,,
1e-3,NH3,SVC,0.8165618448637316,0.8888888888888888,0.8165618448637316,0.8207547169811321,0.8878406708595388,0.8469601677148847,0.8301886792452831,0.8354297693920335,0.8270440251572327,,,,,,,,
1e-4,CH4,vote+ensemble,0.6236897274633124,0.8853006681514477,0.6474428726877041,0.7639956092206367,0.8834628190899001,0.8026315789473685,0.7467672413793104,0.7842696629213484,0.7172717271727173,0.9412997903563941,0.9633123689727463,0.9549266247379455,0.9444444444444444,0.9559748427672956,0.9727463312368972,0.9329140461215933,0.9528301886792453
1e-4,CH4,vote+knn,0.6236897274633124,0.8543123543123543,0.5906432748538012,0.7487603305785124,0.8569767441860465,0.8356589147286821,0.818359375,0.8093385214007782,0.7920792079207921,0.89937106918239,0.1792452830188679,0.6341719077568134,0.9014675052410901,0.6761006289308176,0.5366876310272537,0.5387840670859538,0.31761006289308175
1e-4,H2O,vote+ensemble,0.6184486373165619,0.7861915367483296,0.6184486373165619,0.6892039258451472,0.7830923248053393,0.7292576419213974,0.6847237269772481,0.706858407079646,0.6729699666295884,0.9412997903563941,1.0,0.9612159329140462,0.9423480083857443,0.960167714884696,0.9675052410901468,0.9475890985324947,0.9423480083857443
1e-4,H2O,vote+knn,0.6184486373165619,0.7925407925407926,0.6783625730994152,0.6859504132231405,0.7895348837209303,0.7813953488372093,0.76171875,0.7470817120622568,0.7458745874587459,0.89937106918239,0.1792452830188679,0.6341719077568134,0.9014675052410901,0.6761006289308176,0.5366876310272537,0.5387840670859538,0.31761006289308175
1e-4,CO2,vote+ensemble,0.5953878406708595,0.8386363636363636,0.610752688172043,0.7531285551763367,0.8448471121177803,0.7544444444444445,0.7002212389380531,0.7152698048220436,0.6633444075304541,0.9224318658280922,0.9748427672955975,0.9213836477987422,0.9255765199161425,0.9433962264150944,0.9475890985324947,0.9129979035639413,0.9465408805031447
1e-4,CO2,vote+knn,0.5953878406708595,0.8216783216783217,0.45614035087719296,0.7338842975206612,0.8290697674418605,0.7689922480620155,0.75390625,0.7120622568093385,0.693069306930693,0.89937106918239,0.1792452830188679,0.6341719077568134,0.9014675052410901,0.6761006289308176,0.5366876310272537,0.5387840670859538,0.31761006289308175
1e-4,NH3,vote+ensemble,0.610062893081761,0.8759604829857299,0.610062893081761,0.7055616139585605,0.8756815703380589,0.7357065803667745,0.6934619506966774,0.7686318131256952,0.6946902654867256,0.9549266247379455,1.0,0.9612159329140462,0.9612159329140462,0.9716981132075472,0.9779874213836478,0.9423480083857443,0.9475890985324947
1e-4,NH3,vote+knn,0.610062893081761,0.8776223776223776,0.8187134502923976,0.7041322314049587,0.8802325581395349,0.786046511627907,0.76953125,0.8210116731517509,0.8118811881188119,0.89937106918239,0.1792452830188679,0.6341719077568134,0.9014675052410901,0.6761006289308176,0.5366876310272537,0.5387840670859538,0.31761006289308175
