component,explained_variance_ratio,ch4_share,o3_share
0,0.9714898580661767,0.1454423782359385,0.6729018387708792
1,0.012585412217344626,0.020213990179890194,0.007571759264031223
2,0.008113435371559213,0.24085961894709979,0.0013102226591608348
3,0.0038867691942091605,0.5631736617238908,0.025616445755249902
4,0.001204990136960977,0.007133243270268547,0.277568215403793
5,0.0007821131944495938,0.019269746480655766,2.7884900475974196e-06
6,0.0007523739362549583,0.0011235630569425652,0.004638177170678532
7,0.0002558669648895215,0.0002519830255069795,0.000409533241394565
8,0.00021812414725231515,0.00014538579300624242,0.001977847503805435
9,0.00012191756637966907,3.5690752148732144e-05,0.004671694862925762
10,9.765151235962705e-05,0.0008329961539394818,4.296700461745797e-09
11,7.806813063255497e-05,0.0002043508883414302,0.0001783059550831624
12,7.106247538468972e-05,0.0008625994600820783,0.0015983171063556996
13,5.6225910345485326e-05,8.015139553496806e-06,0.00028500611173885366
14,4.4193744965968696e-05,1.2331644554307291e-05,0.0002503869204147366
15,3.240366606433407e-05,1.1159228715680333e-05,2.4198280483213095e-06
16,2.4995599376061143e-05,1.3917926826627963e-05,0.0002472798424794587
17,2.0220791540915762e-05,3.009580003526357e-05,0.00010725022330387933
18,1.999641673569501e-05,4.044211849304932e-05,6.850326524719538e-06
19,1.658869813109853e-05,7.375127800859175e-05,5.264188715149018e-06
20,1.1341806161531684e-05,2.258352531498477e-06,0.0003026675148805968
21,1.0740796923188012e-05,2.9611775778321507e-05,8.656181138153409e-05
22,9.615169071745586e-06,2.977096213223995e-06,2.7303370544133323e-05
23,9.203495772928844e-06,4.711369050695068e-05,4.558506696404654e-05
24,8.63507289624062e-06,1.0371638297007973e-05,5.411088214371342e-05
25,7.2344416174469e-06,2.4314485368956095e-05,1.5751078784856506e-05
26,6.47406169911096e-06,1.450932342143054e-05,1.6872962061815432e-06
27,5.955051722400333e-06,4.3466719403758736e-08,3.323018631898072e-08
28,4.940996800057056e-06,1.352860507459346e-05,2.2159011058483324e-08
29,4.697259200815676e-06,3.275377175675863e-05,4.492875611426323e-07
30,4.06925286440318e-06,2.299789734093025e-05,1.8803146960401147e-05
31,3.6885045270535206e-06,1.081873963135383e-05,2.174384048386122e-06
32,3.0539316556498444e-06,6.090859890986808e-07,1.758861077491088e-05
33,2.8255008461655337e-06,1.8145211668433862e-07,5.263240777750987e-07
34,2.572635871366491e-06,2.8384636382066366e-08,2.513035838821263e-06
35,2.412152942821858e-06,7.99540575767808e-07,3.6373928377752836e-06
36,2.1658842788186334e-06,1.4326793704874857e-06,1.1854618150861034e-05
37,1.986490591867177e-06,1.2836448747183983e-06,1.7478783601854828e-07
38,1.961566876522221e-06,1.236755907081431e-06,1.6936577349082368e-06
39,1.6493536876104806e-06,1.4530629082151864e-06,6.779170331778413e-09
40,1.4129312049667002e-06,6.191450067761034e-06,7.1062043807784e-07
41,1.3290955137565406e-06,4.707193466907741e-06,1.819167813340115e-05
42,1.203781462232984e-06,3.6503314768293695e-07,2.854637241470751e-06
43,1.1804653776600634e-06,2.1867452808816792e-06,2.917469903986401e-06
44,1.0300271267815194e-06,2.6016669746514482e-06,1.443296731367019e-06
45,9.839370620563465e-07,2.1108501979670644e-06,1.502966809539321e-07
46,8.868283763851822e-07,6.108777565132055e-06,2.113432781313682e-06
47,8.068064922577229e-07,5.974278202528559e-07,9.161298228810478e-13
48,7.969382168446008e-07,8.688488898607709e-08,7.574664514399076e-08
49,7.437366960170917e-07,2.557580503956935e-12,3.6691279478203605e-07
50,7.178709844426159e-07,1.4769486468646e-07,3.4213747217138777e-06
51,6.246314330591555e-07,5.072386088337546e-07,4.981660578664238e-06
52,5.885616028341491e-07,2.4073512636738394e-07,4.907851555452199e-07
53,5.566836243358657e-07,7.654460388553032e-08,7.8571125830883e-07
54,5.028255070634231e-07,8.281893541623457e-07,1.457851222653072e-06
55,4.920853984361475e-07,6.683115864781272e-07,3.33371349198735e-08
56,4.579277800940867e-07,1.2059237888107192e-06,2.428499386393145e-07
57,4.4386731801632384e-07,1.2192684739744576e-07,1.567302251830481e-07
58,3.983623972260362e-07,1.818987134945074e-06,9.967479354601547e-07
59,3.632973949316295e-07,1.5573729742258151e-07,1.5380015788569303e-06
60,3.526528522658357e-07,1.3753588349054533e-07,1.4532403591525475e-08
61,3.140816009837906e-07,2.8621993870028403e-07,1.520642011858012e-07
62,3.0803489684734255e-07,2.6342737674487702e-08,2.1008957993203573e-07
63,2.9253296648440946e-07,1.8807827110059652e-07,1.1036492789279974e-06
64,2.664120213035544e-07,8.849489812698814e-07,4.3633335467405493e-07
65,2.569768497623622e-07,7.632916163389037e-10,1.1558607470076105e-07
66,2.45701612539224e-07,1.382041383385108e-07,2.073027018437056e-06
67,2.3743724353914165e-07,6.052863358224249e-07,2.4423854935067256e-08
68,2.2340497738310766e-07,1.8770507607931e-07,2.957630747429983e-07
69,2.0325518012700163e-07,2.3181488973565268e-07,1.6625801675962212e-07
70,1.986211220364974e-07,5.660407715433158e-07,3.4863908209994275e-08
71,1.8672343907675405e-07,2.9485875974309897e-06,8.611705198026086e-08
72,1.661611435522253e-07,5.919252290119796e-07,1.0568211689818331e-07
73,1.640174793714949e-07,3.307681592348813e-08,4.4636502594400583e-07
74,1.605806808849264e-07,2.332178730672046e-07,1.0071097731751492e-07
75,1.5269764957123863e-07,6.419441388624615e-07,2.2630532238759653e-06
76,1.473408404129833e-07,2.9628144795397394e-07,6.965565331345262e-09
77,1.4180232663613652e-07,3.6749623037656127e-07,1.0796271088228382e-06
78,1.2460240647978607e-07,2.0305671936238833e-07,7.480789180121203e-08
79,1.2100428669338143e-07,3.6109307513514723e-07,2.3747355515552216e-08
80,1.1154305852865353e-07,9.077437673820171e-07,4.927289851360986e-07
81,1.0499392041490961e-07,3.4857400754334636e-07,5.891868427167779e-07
82,1.0305716367008284e-07,2.1801085681233852e-10,1.3151459795573283e-06
83,9.939102381376873e-08,4.9638361882204955e-08,7.117595131173074e-08
84,9.547304406946821e-08,4.309187568221898e-08,3.717880407918409e-08
85,8.859484009233467e-08,7.46207893913404e-08,1.55055206223473e-07
86,8.4165483308969e-08,2.3116720439482187e-10,3.914959814285076e-09
87,8.34915282616132e-08,3.4391942183090085e-08,2.3948642410971663e-07
88,7.834591089532469e-08,2.790674929713135e-07,2.996132687908976e-10
89,7.437425187257721e-08,3.2279241585854854e-07,7.295644834096965e-07
90,7.09391461527017e-08,7.324687902403777e-08,2.795120215334661e-08
91,6.732013695154305e-08,5.1367548701577275e-08,3.1156899046900026e-08
92,6.61953595358124e-08,2.0393500278734664e-08,3.855591856812177e-07
93,6.24748026383893e-08,1.286542979601228e-07,2.2096022151272063e-07
94,5.9376668566605944e-08,1.3512519266349898e-07,4.66368022149062e-07
95,5.675018107386156e-08,1.9851732735494403e-08,1.51551027255161e-07
96,5.58026390112525e-08,9.320836216825464e-08,6.357846948247379e-10
97,5.331541314630155e-08,1.686926934377265e-08,4.290642637289182e-07
98,4.9919139096137895e-08,2.536692713364438e-07,1.738906157030206e-08
99,4.709493487933329e-08,3.044445556623354e-08,4.2895764223743424e-10
100,4.50395948856922e-08,1.3003697590849493e-07,3.13309670284754e-08
101,4.4589374110116106e-08,8.526914292954671e-08,1.0870163331113905e-07
