component,explained_variance_ratio,auc_train,auc_test,mutual_information,pearson_r
0,0.9714898580661763,0.5055354858877581,0.507970281239345,0.013144428640157413,0.0074861685094168426
1,0.012585412217344612,0.5301221131048693,0.5317375906026243,0.021664794425700684,-0.023462069903660208
2,0.008113435371559213,0.5252404507640049,0.521030807641967,0.006551390712743466,-0.07938258606057665
3,0.0038867691942091613,0.6203976435935199,0.642890924889187,0.03408300400877895,0.10249402620504061
4,0.001204990136960976,0.6438323746122738,0.6499631540162122,0.03875713024561911,0.08928819355882339
5,0.0007821131944495938,0.5561104983808511,0.5703021370670597,0.015830091918640266,-0.05582955550097435
6,0.0007523739362549569,0.5181281934437129,0.5242133107491282,0.010847264690596825,-0.03341088619385874
7,0.00025586696488952087,0.5305998225650577,0.5544220679945886,0.005305689153827009,0.010943588083920857
8,0.00021812414725231485,0.5390791654834002,0.5375257096976429,0.023775009379504386,-0.014922335277197007
9,0.00012191756637966915,0.6625720141507669,0.6538534299761326,0.06336581097758898,0.11584558585673241
10,9.765151235962679e-05,0.5356284300970169,0.5396127322121889,0.004674035914121744,0.0658617209722667
11,7.806813063255478e-05,0.5304418702435438,0.5509634949790472,0.014966561371758447,0.024148375967256077
12,7.10624753846898e-05,0.5668264902003518,0.5600067092686897,0.006148797824551133,-0.095913828148116
13,5.6225910345485326e-05,0.5133378902853268,0.5329870544110692,0.008040044021459192,0.00047882437097213407
14,4.419374496596877e-05,0.5762717088129691,0.5765445066487752,0.03308020441752513,-0.045266534590670295
15,3.2403666064334094e-05,0.5230093054280562,0.5146240059833479,0.0,-0.0036370652857656686
16,2.499559937606112e-05,0.503515127099335,0.5290406845653823,0.0038988639134325265,-0.02511749151569224
17,2.0220791540915728e-05,0.5018233311539215,0.5013149066751724,0.014929963350615916,-0.010709814466743921
18,1.9996416735695024e-05,0.505958159695851,0.5072300619232504,0.007804116162033914,-0.024083737318357105
19,1.6588698131098475e-05,0.5055167737660458,0.5122515645794607,0.016882556760267287,-0.000807606726981681
20,1.1341806161531646e-05,0.5678220851467581,0.560994951550281,0.026658405771136984,0.060871098803529394
21,1.0740796923188007e-05,0.5149900605612315,0.5221983303819884,0.0,-0.013628219143935314
22,9.615169071745558e-06,0.5472574633847807,0.5189641329095129,0.007092567430657892,0.043191198849131404
23,9.20349577292884e-06,0.604833561180933,0.6114294041949426,0.04080908037295394,0.025343551880151406
24,8.635072896240616e-06,0.5358287598706442,0.5414302840990333,0.0,-0.02876169296567746
25,7.2344416174468745e-06,0.5390406405269333,0.5252658960173341,0.005879040498560251,-0.04914598294200475
26,6.474061699110949e-06,0.5094353121952401,0.5029438291226256,0.0,0.0012763174620340778
27,5.955051722400326e-06,0.5129812592597485,0.5117368206865451,0.0,-0.018979817724641707
28,4.940996800057054e-06,0.5395392635349179,0.5357823997184307,0.016836240365956323,-0.019410221049834718
29,4.6972592008156946e-06,0.5361176970441452,0.5413846390743409,0.0,0.03546158530737534
30,4.069252864403186e-06,0.5036752808469327,0.5201267061890253,0.010315495156820065,0.0032127250730601127
31,3.6885045270535193e-06,0.5053516668097594,0.5171960756277566,0.012822377391339845,-0.0022107614098833155
32,3.053931655649854e-06,0.5215189399693121,0.5003244646333549,0.01225034695093985,0.018280821571966678
33,2.825500846165528e-06,0.5404957831683365,0.5319498674644464,0.0,-0.0010304488281237239
34,2.5726358713664967e-06,0.5102812101679468,0.5251861547091367,0.01688818668822223,-0.004368670335019336
35,2.412152942821871e-06,0.5076328945891149,0.5120948316633487,0.0,0.025332944987733193
36,2.1658842788186402e-06,0.5242608161567063,0.5066454756431549,0.011302471163978423,-0.000666498942831913
37,1.986490591867173e-06,0.5191573601378974,0.5094996645365655,0.009900797081917156,0.01759504599830237
38,1.9615668765222196e-06,0.5189014443556537,0.5370434122680627,0.011892425382846517,-0.011611770239085429
39,1.6493536876104845e-06,0.5266301009794144,0.5351411696125122,0.0,0.011602656972819118
40,1.412931204966706e-06,0.5384935861451048,0.5250860656188475,0.0043395569098758635,-0.029644974429768257
41,1.329095513756544e-06,0.5306047757737462,0.5220075011823712,0.012436199782869917,0.04642057568366371
42,1.2037814622329875e-06,0.5180010610873724,0.5451665768431241,0.0,-0.01557157747944564
43,1.180465377660057e-06,0.5268348336052094,0.5176140300707223,0.016080306587269,-0.0025359481357846514
44,1.030027126781516e-06,0.5258684075544138,0.5276234890396947,0.007664374631739301,-0.005526645946956852
45,9.839370620563465e-07,0.5003417713995126,0.5459161451401797,0.011333733993340367,-0.030493369744397054
46,8.868283763851813e-07,0.5100550136378346,0.5019137913967378,0.0,0.006447064332432671
47,8.068064922577305e-07,0.5448067257969713,0.528897150210627,0.015400875629771438,0.024814353998036654
48,7.969382168446028e-07,0.5436058478682491,0.5535685610268481,0.0045486656729685215,-0.030412828451416712
49,7.437366960170914e-07,0.504634552262956,0.5175216401412246,0.014687191400734045,0.019773631490651887
50,7.178709844426128e-07,0.5253378638682138,0.5170536411531144,0.006408636445572435,-0.02582060747380995
51,6.246314330591557e-07,0.5042553566200185,0.5008821038506803,0.0,-0.02330730601275909
52,5.885616028341527e-07,0.5150819701002309,0.5309632750030246,0.010091949473554296,-0.030143795301924455
53,5.566836243358624e-07,0.5253940002333513,0.5009046513929982,0.018400515935482753,0.021538932997842944
54,5.02825507063419e-07,0.5116978278528831,0.503567461146735,0.009736374867671538,0.00746900579282376
55,4.920853984361432e-07,0.5605557280005988,0.576052860238234,0.014504490932479852,0.022956838480180417
56,4.579277800940841e-07,0.5403840607945828,0.5835529427292425,0.026854359298341235,0.018500882767431306
57,4.438673180163235e-07,0.5037209604381718,0.5182541602965276,0.0018244066212211862,-0.020210985750777385
58,3.9836239722603804e-07,0.5132300204072198,0.5026006665273485,0.011195058630476984,0.010409442756335362
59,3.6329739493162586e-07,0.534890952358938,0.5127212133877408,0.0,0.033468752727786155
60,3.52652852265838e-07,0.5049201872973312,0.5025126761183031,0.003515321672888261,0.002675845919086985
61,3.1408160098378906e-07,0.535987262548679,0.5211259472717473,0.020012185327090037,0.031848694814646035
62,3.080348968473491e-07,0.5115074044966329,0.5125199353270493,0.0,-0.012562635541417707
63,2.9253296648441227e-07,0.5656333172629229,0.6094292722093292,0.020842989513370158,-0.04867409896720051
64,2.6641202130355563e-07,0.549540342233699,0.5277455757322451,0.013061334633445387,-0.033797684179502
65,2.5697684976236265e-07,0.5409146044807827,0.536209153202301,0.005188223094011901,0.028956959175143182
66,2.4570161253922425e-07,0.5027842536395077,0.5127206634476842,0.010176112208209798,0.02459278476858461
67,2.3743724353914237e-07,0.5028073686133877,0.5070529812250464,0.0,0.00016272138279303994
68,2.2340497738310806e-07,0.507846983275766,0.500325564513468,0.012216439575876814,-0.003832232068317844
69,2.032551801270008e-07,0.5265095729013255,0.530165311980994,0.021454461058402874,-0.021865119869847224
70,1.9862112203649715e-07,0.5270406669440464,0.5371962956037792,0.0,0.016236683584454403
71,1.867234390767549e-07,0.5478287334535312,0.5455773820653549,0.008585508804247244,0.009079241501069354
72,1.6616114355222638e-07,0.5428045287737396,0.5503222648731287,0.005712901639878698,-0.04545377766611841
73,1.6401747937149512e-07,0.509387981534438,0.5201503536114563,0.0,0.015152867936685374
74,1.6058068088492696e-07,0.5123819210084293,0.5160021557650216,0.020827559361652925,-0.008294000907471689
75,1.5269764957123704e-07,0.5321435726063344,0.5241539172230227,0.0,0.037260902826589205
76,1.4734084041298335e-07,0.5180362839047135,0.5444676030312696,0.0,0.005174060908012797
77,1.4180232663613586e-07,0.5288348292023572,0.5427182437114355,0.0,0.00829718108963967
78,1.2460240647978528e-07,0.5197600005283423,0.5200145184174925,0.0,-0.013187887771871512
79,1.2100428669337929e-07,0.5389905580835266,0.5239031445572433,0.0,-0.0558480640403899
80,1.1154305852865349e-07,0.5399938580212261,0.5337107755254678,0.0,0.007116508145466521
81,1.0499392041490949e-07,0.5079862234755674,0.5007303203950769,0.018649354394790763,0.008890895362401235
82,1.0305716367008153e-07,0.5154699714475036,0.5219217105335519,0.0010434848923779327,-0.0373022100727828
83,9.939102381376697e-08,0.5112646972708921,0.5237876571453711,0.009191425091011451,-0.0005358657003512278
84,9.54730440694683e-08,0.5424572538090175,0.53669640009239,0.0,0.02422517876431001
85,8.859484009233576e-08,0.5032179345780197,0.508726448817079,0.0,-0.001867468593169042
86,8.416548330896837e-08,0.5159108070207881,0.516033502348244,0.0,0.0008429200845527977
87,8.34915282616134e-08,0.5001298841389452,0.5143952309198296,0.005190030186432271,-0.0032305489184192753
88,7.834591089532475e-08,0.5346383387158201,0.5451093830772447,0.02034963741603657,0.03419449778584345
89,7.4374251872579e-08,0.5207952211442572,0.5164905025352237,0.0,-0.0023594012855378994
90,7.093914615270248e-08,0.5000572370781793,0.5072878056291864,0.016688421371619855,-0.01336016162063128
91,6.732013695154191e-08,0.5323576612929856,0.5624517427600392,0.0035694100452912103,0.018563913089864003
92,6.619535953581226e-08,0.5176257179400815,0.5045595530087221,0.01686852012340423,-0.013104543481023896
93,6.247480263838968e-08,0.584348741114494,0.5898151101529934,0.018185000025606968,0.06407927325309412
94,5.937666856660719e-08,0.5044232153589095,0.5217462796555176,0.0,0.006239572120793997
95,5.67501810738606e-08,0.5128398176338632,0.5087253489369659,0.0027232089617013067,0.0025556515613575285
96,5.5802639011253654e-08,0.5303923381566579,0.5508628559487017,0.009534248298108228,-0.010203225096845115
97,5.331541314630317e-08,0.5637362383351936,0.5565943312178974,0.007759022255405812,0.05443927736052351
98,4.991913909613769e-08,0.5246658785561287,0.528717869752197,0.0,0.03651958847188803
99,4.709493487933343e-08,0.5559448410680439,0.592847479624721,0.018388562405359465,-0.011603451939204831
100,4.503959488569562e-08,0.5500565766503541,0.5738811469549819,0.021477784457797577,0.03104053331035224
101,4.458937411011664e-08,0.5409057987764474,0.5345395351906641,0.00012422066936901288,0.0017870345020475791
