component,explained_variance_ratio,loading_match,loading_match_r,driver1,driver1_r2,driver2,driver2_r2
0,0.9714898580661767,flat/mean-depth,0.9999891289840219,p_mass,0.20897365939479007,atm base_pressure,0.14429937038842255
1,0.012585412217344626,wavelength-tilt,0.6367607069021997,atm H2O,0.05426295568963613,p_radius,0.0037862544621140026
2,0.008113435371559213,CH4,0.5075208310148819,atm H2O,0.032288461487633535,p_mass,0.023129478577319285
3,0.0038867691942091605,CH4,0.8150334453263894,atm CH4,0.05293303385059678,atm CO2,0.02133313475946863
4,0.001204990136960977,O3,0.48686865659519235,atm O3,0.06039081481615993,atm CO2,0.004672707929890496
5,0.0007821131944495938,CO2,0.19671229775079419,atm CO2,0.024219739933427298,atm H2O,0.011254597718560855
6,0.0007523739362549583,wavelength-tilt,0.11132692790210603,p_radius,0.007592851976671033,s temperature,0.006633451958996783
7,0.0002558669648895215,wavelength-tilt,0.12065823608117666,atm temperature,0.005164206280838357,p_radius,0.003278668176887378
8,0.00021812414725231515,O3,0.041616734833082626,atm O3,0.002354214582706571,p_radius,0.0021578581774680528
9,0.00012191756637966907,wavelength-tilt,0.11227077234826022,atm O3,0.011155986738641599,atm CH4,0.0007280021012369131
10,9.765151235962705e-05,wavelength-tilt,0.08850032900990629,atm temperature,0.02391983018859234,p_radius,0.017979843406930263
11,7.806813063255497e-05,wavelength-tilt,0.3378723684240116,atm temperature,0.016858505880086305,p_radius,0.009642797728325214
12,7.106247538468972e-05,wavelength-tilt,0.05424498276091687,atm CO2,0.01381058413958347,atm O3,0.008698228162062227
13,5.6225910345485326e-05,wavelength-tilt,0.09483318718172276,atm temperature,0.009359260235038858,p_radius,0.006961303883275649
14,4.4193744965968696e-05,wavelength-tilt,0.0499776281063114,atm CO2,0.005452426108964348,atm top_pressure,0.002817140307374455
15,3.240366606433407e-05,wavelength-tilt,0.12687428989973587,atm H2O,0.004042565723659242,s temperature,0.0016305797312183845
16,2.4995599376061143e-05,wavelength-tilt,0.021602365910005597,atm temperature,0.0032792077559015143,atm CO2,0.003235117330477544
17,2.0220791540915762e-05,wavelength-tilt,0.12318346994303528,atm CO2,0.004108492509273365,atm O3,0.0013583750610884904
18,1.999641673569501e-05,wavelength-tilt,0.06539772120963872,atm temperature,0.005144414769373995,s temperature,0.004951759104987574
19,1.658869813109853e-05,wavelength-tilt,0.024442207309280005,atm CO2,0.005858367564853362,atm CH4,0.0016452249651444095
20,1.1341806161531684e-05,O3,0.015798495431544587,atm O3,0.007497343767284836,atm temperature,0.00691991416452209
21,1.0740796923188012e-05,wavelength-tilt,0.009791686161545254,atm CO2,0.0038830296242585716,atm O3,0.0020632713327890517
22,9.615169071745586e-06,wavelength-tilt,0.06782502228266038,p_radius,0.005394380440171265,s temperature,0.005029631140460178
23,9.203495772928844e-06,wavelength-tilt,0.06786782537744263,atm CH4,0.002388964457468279,atm O3,0.0018644679278819742
24,8.63507289624062e-06,wavelength-tilt,0.08931561393651068,atm H2O,0.003691084980722348,atm temperature,0.002583157064194208
25,7.2344416174469e-06,CH4,0.004872387590397745,atm base_pressure,0.003839773440832639,atm temperature,0.0029726945264799687
26,6.47406169911096e-06,wavelength-tilt,0.014917127428946922,atm CO,0.0035529688984465846,atm temperature,0.003169323013554437
27,5.955051722400333e-06,wavelength-tilt,0.02923382793227126,atm NH3,0.0015098577484461417,s temperature,0.00040890382670355496
28,4.940996800057056e-06,wavelength-tilt,0.07903365553824818,atm CH4,0.0011756587172800925,atm base_pressure,0.0009430383874450277
29,4.697259200815676e-06,wavelength-tilt,0.03126680517184006,atm CH4,0.002573351043838712,atm temperature,0.0005778013523340952
30,4.06925286440318e-06,wavelength-tilt,0.06980280305078047,atm CH4,0.0017004506936615371,atm base_pressure,0.0010876165716310338
31,3.6885045270535206e-06,wavelength-tilt,0.02728695241153795,s temperature,0.0017339105170585123,p_radius,0.0014322528476741203
32,3.0539316556498444e-06,wavelength-tilt,0.007186909387761134,p_radius,0.003869564374266443,s temperature,0.0036668099248186037
33,2.8255008461655337e-06,CO2,0.0008678539329008556,atm top_pressure,0.0029676552124257016,atm temperature,0.001856307329521023
34,2.572635871366491e-06,wavelength-tilt,0.06921222053884697,atm temperature,0.0013669702923094773,p_radius,0.0013548249937389567
35,2.412152942821858e-06,wavelength-tilt,0.04791568641401557,atm top_pressure,0.0035519126003221713,atm CO2,0.0009567746494278939
36,2.1658842788186334e-06,wavelength-tilt,0.023656132770588048,p_radius,0.005864433471347019,s temperature,0.005324412387872179
37,1.986490591867177e-06,wavelength-tilt,0.017816816418747335,atm base_pressure,0.0019211363784066293,p_mass,0.001223659824973078
38,1.961566876522221e-06,wavelength-tilt,0.048140676623045095,atm temperature,0.002743135941794872,s temperature,0.001163441331321069
39,1.6493536876104806e-06,wavelength-tilt,0.02569881649395293,atm CO2,0.0016418099674826436,atm base_pressure,0.0005817982083463624
40,1.4129312049667002e-06,wavelength-tilt,0.060407824841080024,p_radius,0.002367386212982603,s temperature,0.00208187362735035
41,1.3290955137565406e-06,wavelength-tilt,0.004397052910326809,atm O3,0.005062728519141135,atm base_pressure,0.0026467783746114693
42,1.203781462232984e-06,wavelength-tilt,0.0015450158016995855,atm temperature,0.0019469896474253456,atm H2O,0.0016599519295847909
43,1.1804653776600634e-06,wavelength-tilt,0.006559002258874461,atm top_pressure,0.004934993560418932,atm base_pressure,0.004533026868392964
44,1.0300271267815194e-06,wavelength-tilt,0.03640642831703263,atm H2O,0.0020576102617768655,atm CH4,0.000830687216576198
45,9.839370620563465e-07,wavelength-tilt,0.011759668345121332,atm CH4,0.0007742300581844441,p_mass,0.0003742952187856252
46,8.868283763851822e-07,wavelength-tilt,0.046799674529464826,atm CH4,0.002353993025501433,p_mass,0.0015665988290572974
47,8.068064922577229e-07,wavelength-tilt,0.017256504832851752,atm temperature,0.0017228681431648019,p_radius,0.0012762900731276838
48,7.969382168446008e-07,wavelength-tilt,0.026865328627355276,atm top_pressure,0.0029140564856013906,atm base_pressure,0.0003635998177212718
49,7.437366960170917e-07,wavelength-tilt,0.06203093296210842,atm top_pressure,0.010184320290481663,atm CO2,0.001854681721086715
50,7.178709844426159e-07,wavelength-tilt,0.02532979816893794,atm base_pressure,0.0014102804180085027,atm O3,0.001370331975260819
51,6.246314330591555e-07,wavelength-tilt,0.013417422203978412,atm O3,0.0020086400401004845,atm H2O,0.0010979373141031257
52,5.885616028341491e-07,wavelength-tilt,0.013877419461903528,s temperature,0.0010441499736361104,p_radius,0.00102919497492715
53,5.566836243358657e-07,wavelength-tilt,0.04686977966679215,atm top_pressure,0.005582767557115842,atm H2O,0.000614127665202524
54,5.028255070634231e-07,wavelength-tilt,0.028734051894161707,atm O3,0.0011207483637342142,atm H2O,0.0010046306331694677
55,4.920853984361475e-07,wavelength-tilt,0.00685322047040296,s temperature,0.0021857007854702015,atm CO2,0.0018003297349475922
56,4.579277800940867e-07,wavelength-tilt,0.02420394497262572,atm CH4,0.0009809745881014242,atm CO,0.0007416278192574621
57,4.4386731801632384e-07,wavelength-tilt,0.037270138188969654,atm H2O,0.0009302263730610605,atm CO,0.000345677073462336
58,3.983623972260362e-07,wavelength-tilt,0.025288170497903602,atm H2O,0.00148521400444257,atm CH4,0.0014590068565938363
59,3.632973949316295e-07,wavelength-tilt,0.012741151923576072,atm H2O,0.0013147689805325102,atm O3,0.0011198974577200094
60,3.526528522658357e-07,wavelength-tilt,0.03502512593481538,atm temperature,0.0014154144016200743,atm CO2,0.001116500773546858
61,3.140816009837906e-07,wavelength-tilt,0.055994511396485064,atm CO,0.0021205458854381964,atm base_pressure,0.0005503591176779787
62,3.0803489684734255e-07,wavelength-tilt,0.013647014344398248,p_radius,0.0018211197269343282,s temperature,0.0017219528258813899
63,2.9253296648440946e-07,wavelength-tilt,0.01799057464690499,atm NH3,0.0017122972625434052,atm O3,0.0013057842401327235
64,2.664120213035544e-07,wavelength-tilt,0.020317529276790047,atm CO2,0.006016895819522583,atm CH4,0.0013942156067505707
65,2.569768497623622e-07,wavelength-tilt,0.005287695023712925,atm temperature,0.0014310375464943181,p_radius,0.0007514588575953107
66,2.45701612539224e-07,wavelength-tilt,0.005660276046987905,atm O3,0.002177496173779714,atm top_pressure,0.001527086596506022
67,2.3743724353914165e-07,wavelength-tilt,0.020181459046175118,s temperature,0.0014189938437515481,p_radius,0.001386631169481567
68,2.2340497738310766e-07,wavelength-tilt,0.012761900258778401,atm CO2,0.004961234318278773,atm H2O,0.0011478071879688079
69,2.0325518012700163e-07,wavelength-tilt,0.03937038447864299,atm H2O,0.0025173791847186155,atm CH4,0.0005635441151188303
70,1.986211220364974e-07,wavelength-tilt,0.007259368569575521,atm CO2,0.0013464322243306182,atm CH4,0.0010009356035565187
71,1.8672343907675405e-07,wavelength-tilt,0.02056622807771099,atm CH4,0.005919064892185855,atm NH3,0.0017319072576247319
72,1.661611435522253e-07,wavelength-tilt,0.011894739455120455,atm top_pressure,0.0018386165549429956,atm CO2,0.001819884081580736
73,1.640174793714949e-07,wavelength-tilt,0.010009356279504045,atm O3,0.0007025606542910845,p_radius,0.00038451231748548587
74,1.605806808849264e-07,wavelength-tilt,0.0030604211584343514,p_radius,0.0021892992939709366,atm temperature,0.001824028317886528
75,1.5269764957123863e-07,wavelength-tilt,0.03287179044448332,atm O3,0.003306708842479078,atm CO2,0.0013176823547311756
76,1.473408404129833e-07,wavelength-tilt,0.01875879970747509,atm top_pressure,0.000884142104903729,atm CH4,0.0006867416195259768
77,1.4180232663613652e-07,wavelength-tilt,0.004037848319862386,atm O3,0.0016510065812158636,atm CH4,0.00065205705677851
78,1.2460240647978607e-07,wavelength-tilt,0.030921460861262174,atm top_pressure,0.0016705058685690943,atm H2O,0.0013169796845453607
79,1.2100428669338143e-07,wavelength-tilt,0.008381877077584445,atm CH4,0.0012268446209255934,atm NH3,0.0005711668089368738
80,1.1154305852865353e-07,wavelength-tilt,0.01688329369087299,atm CH4,0.0025049528631635454,atm H2O,0.0016084695188006704
81,1.0499392041490961e-07,wavelength-tilt,0.0014158816258973844,atm top_pressure,0.001919619580602716,atm O3,0.001211037694116901
82,1.0305716367008284e-07,wavelength-tilt,0.0048853771086300535,atm O3,0.0036867031630891667,p_radius,0.001376652541063117
83,9.939102381376873e-08,wavelength-tilt,0.039337787092931294,atm top_pressure,0.002706261629113693,atm temperature,0.0004303492466322112
84,9.547304406946821e-08,wavelength-tilt,0.010647781629406362,atm NH3,0.002086130088627791,atm CO2,0.0018723411660251932
85,8.859484009233467e-08,wavelength-tilt,0.012353081661872671,atm CO2,0.0011998089403426615,p_radius,0.0011472252690607476
86,8.4165483308969e-08,CO2,0.0006174609050086689,atm CO2,0.0021368205435814414,atm base_pressure,0.0010301513527624095
87,8.34915282616132e-08,wavelength-tilt,0.008024479619363343,atm CO2,0.0022501834546212462,atm NH3,0.0010687605640647968
88,7.834591089532469e-08,wavelength-tilt,0.012585584212778035,atm CH4,0.001498964124360791,atm top_pressure,0.000768239008164362
89,7.437425187257721e-08,wavelength-tilt,0.02970141002947442,atm base_pressure,0.003412158492988704,p_mass,0.0023526868887284724
90,7.09391461527017e-08,wavelength-tilt,0.011694188784929315,atm H2O,0.0007197114680259631,atm temperature,0.0006786133448303255
91,6.732013695154305e-08,CO2,0.0004111644266668931,atm top_pressure,0.0023697011772753074,atm temperature,0.001240135701561229
92,6.61953595358124e-08,wavelength-tilt,0.02419892377822034,atm O3,0.0014186626007776093,atm temperature,0.0010531752969397123
93,6.24748026383893e-08,wavelength-tilt,0.011642754591346584,atm CO,0.0023620366732596265,atm O3,0.0014470071191851064
94,5.9376668566605944e-08,wavelength-tilt,0.018135332696950217,s temperature,0.00412328103789239,p_radius,0.003996288997923592
95,5.675018107386156e-08,O3,0.0003529318295174746,atm H2O,0.0018171151415675713,p_mass,0.0009261169261347568
96,5.58026390112525e-08,wavelength-tilt,0.010690508001565083,atm H2O,0.005088766251352017,atm temperature,0.0012155977207305435
97,5.331541314630155e-08,wavelength-tilt,0.013166552578464318,atm O3,0.0024464728971630434,atm CO,0.0010855442825576933
98,4.9919139096137895e-08,wavelength-tilt,0.0318991408137834,atm CH4,0.0020708501377275645,p_mass,0.0006245407887790488
99,4.709493487933329e-08,wavelength-tilt,0.008887222647057748,atm top_pressure,0.001931517194754817,p_mass,0.0010821044817661551
100,4.50395948856922e-08,wavelength-tilt,0.005462382726080527,atm CO2,0.0030133658316128242,atm H2O,0.0019074568847409212
101,4.4589374110116106e-08,wavelength-tilt,0.016815249208699458,atm base_pressure,0.0009862218570146908,atm O3,0.000528694129009688
