threshold,molecule,model,base_rate,clean,haze3e7,cloud1e2,absorbers,spots10,spots20,noise_x2,noise_x3
1e-5,CH4,KNN,0.5898234683281413,0.8161993769470405,0.4101765316718588,0.7082035306334372,0.8016614745586709,0.5991692627206646,0.4984423676012461,0.7673935617860852,0.6832814122533749
1e-5,CH4,MLP,0.5898234683281413,0.8265835929387332,0.4101765316718588,0.715472481827622,0.8068535825545171,0.6064382139148494,0.5109034267912772,0.7611630321910696,0.6967808930425753
1e-5,CH4,RFC,0.5898234683281413,0.822429906542056,0.4101765316718588,0.6947040498442367,0.8120456905503635,0.5825545171339563,0.4963655244029076,0.7383177570093458,0.6728971962616822
1e-5,CH4,SVC,0.5898234683281413,0.8307372793354102,0.4101765316718588,0.7237798546209762,0.8151609553478713,0.6116303219106958,0.505711318795431,0.7653167185877466,0.6957424714434061
1e-5,H2O,KNN,0.6105919003115264,0.7466251298026999,0.3956386292834891,0.5960539979231568,0.7372793354101765,0.5306334371754933,0.470404984423676,0.6988577362409139,0.671858774662513
1e-5,H2O,MLP,0.6105919003115264,0.7767393561786086,0.40602284527518173,0.6178608515057114,0.7777777777777778,0.5617860851505712,0.48701973001038423,0.7300103842159917,0.7009345794392523
1e-5,H2O,RFC,0.6105919003115264,0.7798546209761164,0.39667705088265837,0.6251298026998962,0.778816199376947,0.5628245067497404,0.4818276220145379,0.7258566978193146,0.6998961578400831
1e-5,H2O,SVC,0.6105919003115264,0.7300103842159917,0.3904465212876428,0.5846313603322949,0.7372793354101765,0.5275181723779855,0.46002076843198336,0.6988577362409139,0.6728971962616822
1e-5,CO2,KNN,0.5867082035306335,0.5981308411214953,0.46105919003115264,0.5275181723779855,0.5960539979231568,0.5347871235721703,0.5160955347871236,0.5628245067497404,0.5410176531671859
1e-5,CO2,MLP,0.5867082035306335,0.6427829698857737,0.46313603322949115,0.5233644859813084,0.6355140186915887,0.5275181723779855,0.4683281412253375,0.5835929387331257,0.5462097611630322
1e-5,CO2,RFC,0.5867082035306335,0.6344755970924195,0.4444444444444444,0.5036344755970924,0.6220145379023884,0.5005192107995846,0.48078920041536866,0.5752855659397715,0.5171339563862928
1e-5,CO2,SVC,0.5867082035306335,0.6199376947040498,0.4132917964693666,0.5046728971962616,0.6095534787123572,0.490134994807892,0.4569055036344756,0.5680166147455867,0.5316718587746625
1e-5,NH3,KNN,0.5752855659397715,0.45898234683281414,0.47767393561786087,0.48078920041536866,0.4434060228452752,0.5181723779854621,0.5150571131879543,0.48494288681204567,0.470404984423676
1e-5,NH3,MLP,0.5752855659397715,0.4444444444444444,0.4953271028037383,0.46625129802699894,0.42782969885773625,0.46936656282450673,0.47767393561786087,0.44963655244029077,0.4569055036344756
1e-5,NH3,RFC,0.5752855659397715,0.45067497403946,0.47767393561786087,0.47767393561786087,0.45586708203530635,0.49117341640706125,0.4672897196261682,0.48390446521287644,0.4818276220145379
1e-5,NH3,SVC,0.5752855659397715,0.42471443406022846,0.42471443406022846,0.4215991692627207,0.42471443406022846,0.42471443406022846,0.42471443406022846,0.4236760124610592,0.42471443406022846
1e-4,CH4,KNN,0.37590861889927313,0.8463136033229491,0.6240913811007269,0.7435098650051921,0.8431983385254413,0.7175493250259606,0.6666666666666666,0.7995846313603323,0.7570093457943925
1e-4,CH4,MLP,0.37590861889927313,0.8629283489096573,0.6240913811007269,0.7590861889927311,0.8608515057113187,0.7289719626168224,0.6708203530633438,0.8245067497403946,0.7736240913811008
1e-4,CH4,RFC,0.37590861889927313,0.8650051921079959,0.6240913811007269,0.7435098650051921,0.8639667705088265,0.711318795430945,0.660436137071651,0.8068535825545171,0.7497403946002077
1e-4,CH4,SVC,0.37590861889927313,0.8691588785046729,0.6240913811007269,0.7694704049844237,0.8681204569055037,0.7237798546209762,0.6687435098650052,0.818276220145379,0.7767393561786086
1e-4,H2O,KNN,0.3821391484942887,0.8400830737279336,0.6188992731048806,0.7393561786085151,0.8431983385254413,0.7050882658359294,0.6635514018691588,0.8089304257528557,0.7736240913811008
1e-4,H2O,MLP,0.3821391484942887,0.8598130841121495,0.6178608515057114,0.7300103842159917,0.8566978193146417,0.7165109034267912,0.671858774662513,0.8276220145379024,0.8058151609553479
1e-4,H2O,RFC,0.3821391484942887,0.8598130841121495,0.6178608515057114,0.735202492211838,0.8515057113187954,0.726895119418484,0.6687435098650052,0.8255451713395638,0.7975077881619937
1e-4,H2O,SVC,0.3821391484942887,0.842159916926272,0.6178608515057114,0.7175493250259606,0.842159916926272,0.7071651090342679,0.6593977154724818,0.8151609553478713,0.7860851505711319
1e-4,CO2,KNN,0.40186915887850466,0.6645898234683282,0.6095534787123572,0.6303219106957425,0.6614745586708204,0.6386292834890965,0.6240913811007269,0.6344755970924195,0.6178608515057114
1e-4,CO2,MLP,0.40186915887850466,0.7082035306334372,0.6053997923156802,0.6220145379023884,0.7050882658359294,0.6417445482866043,0.6209761163032191,0.6583592938733126,0.6292834890965732
1e-4,CO2,RFC,0.40186915887850466,0.6884735202492211,0.5991692627206646,0.6230529595015576,0.6936656282450675,0.6344755970924195,0.6199376947040498,0.6542056074766355,0.6230529595015576
1e-4,CO2,SVC,0.40186915887850466,0.6749740394600208,0.5981308411214953,0.616822429906542,0.6687435098650052,0.6251298026998962,0.6137071651090342,0.6479750778816199,0.6344755970924195
1e-4,NH3,KNN,0.3904465212876428,0.5804776739356179,0.6033229491173416,0.564901349948079,0.5742471443406023,0.5867082035306335,0.5524402907580478,0.5669781931464174,0.564901349948079
1e-4,NH3,MLP,0.3904465212876428,0.6095534787123572,0.5950155763239875,0.6022845275181724,0.608515057113188,0.6105919003115264,0.6095534787123572,0.6074766355140186,0.6095534787123572
1e-4,NH3,RFC,0.3904465212876428,0.6033229491173416,0.5742471443406023,0.5991692627206646,0.6064382139148494,0.5908618899273105,0.5586708203530634,0.6022845275181724,0.5898234683281413
1e-4,NH3,SVC,0.3904465212876428,0.6095534787123572,0.6095534787123572,0.6095534787123572,0.6095534787123572,0.6095534787123572,0.6095534787123572,0.6095534787123572,0.6095534787123572
1e-3,CH4,KNN,0.2087227414330218,0.9158878504672897,0.7912772585669782,0.8016614745586709,0.9127725856697819,0.8161993769470405,0.8006230529595015,0.8826583592938733,0.8556593977154725
1e-3,CH4,MLP,0.2087227414330218,0.9397715472481828,0.7912772585669782,0.7850467289719626,0.9387331256490135,0.8193146417445483,0.7975077881619937,0.90134994807892,0.8639667705088265
1e-3,CH4,RFC,0.2087227414330218,0.9252336448598131,0.7912772585669782,0.8120456905503635,0.9252336448598131,0.8203530633437176,0.7995846313603323,0.8951194184839044,0.8566978193146417
1e-3,CH4,SVC,0.2087227414330218,0.9158878504672897,0.7912772585669782,0.7798546209761164,0.9138110072689511,0.8120456905503635,0.8006230529595015,0.8888888888888888,0.8535825545171339
1e-3,H2O,KNN,0.17445482866043613,0.8982346832814122,0.8255451713395638,0.8494288681204569,0.8951194184839044,0.857736240913811,0.838006230529595,0.8847352024922118,0.8670820353063343
1e-3,H2O,MLP,0.17445482866043613,0.9003115264797508,0.8255451713395638,0.8369678089304258,0.897196261682243,0.8618899273104881,0.8473520249221184,0.8899273104880582,0.881619937694704
1e-3,H2O,RFC,0.17445482866043613,0.9086188992731049,0.8255451713395638,0.8494288681204569,0.9044652128764278,0.8691588785046729,0.8463136033229491,0.8920041536863966,0.8764278296988577
1e-3,H2O,SVC,0.17445482866043613,0.9117341640706127,0.8255451713395638,0.8400830737279336,0.9086188992731049,0.8618899273104881,0.8411214953271028,0.90134994807892,0.8888888888888888
1e-3,CO2,KNN,0.1838006230529595,0.8078920041536864,0.8161993769470405,0.8037383177570093,0.8089304257528557,0.8245067497403946,0.8161993769470405,0.7995846313603323,0.7923156801661475
1e-3,CO2,MLP,0.1838006230529595,0.8400830737279336,0.8161993769470405,0.8068535825545171,0.8400830737279336,0.822429906542056,0.8172377985462098,0.8089304257528557,0.8006230529595015
1e-3,CO2,RFC,0.1838006230529595,0.8245067497403946,0.8161993769470405,0.8058151609553479,0.8317757009345794,0.822429906542056,0.8151609553478713,0.8193146417445483,0.814122533748702
1e-3,CO2,SVC,0.1838006230529595,0.8161993769470405,0.8161993769470405,0.8161993769470405,0.8161993769470405,0.8161993769470405,0.8161993769470405,0.8161993769470405,0.8161993769470405
1e-3,NH3,KNN,0.18483904465212878,0.7964693665628245,0.814122533748702,0.8099688473520249,0.8037383177570093,0.8068535825545171,0.8026998961578401,0.7985462097611631,0.8047767393561787
1e-3,NH3,MLP,0.18483904465212878,0.8151609553478713,0.8151609553478713,0.8151609553478713,0.8151609553478713,0.8151609553478713,0.8151609553478713,0.8151609553478713,0.8151609553478713
1e-3,NH3,RFC,0.18483904465212878,0.8161993769470405,0.8120456905503635,0.814122533748702,0.8151609553478713,0.8130841121495327,0.8130841121495327,0.8151609553478713,0.8120456905503635
1e-3,NH3,SVC,0.18483904465212878,0.8151609553478713,0.8151609553478713,0.8151609553478713,0.8151609553478713,0.8151609553478713,0.8151609553478713,0.8151609553478713,0.8151609553478713
