mean_pred,observed,n,lo,hi,model
0.00535992719233036,0.0,902,0.0,0.004240918058963067,raw_xgb
0.0210373867303133,0.0,902,0.0,0.004240918058963067,raw_xgb
0.06016235426068306,0.013303769401330377,902,0.007626370969321563,0.02310924550048949,raw_xgb
0.2102540284395218,0.2261640798226164,902,0.2000569482644367,0.25459384277894215,raw_xgb
0.4735817015171051,0.4745011086474501,902,0.44209027148780433,0.5071282232247369,raw_xgb
0.6593663096427917,0.6130820399113082,902,0.5808813623142819,0.6443235741779259,raw_xgb
0.8279390931129456,0.7957824639289678,901,0.7682295052238837,0.8208238716323528,raw_xgb
0.928623616695404,0.93007769145394,901,0.9115353150470346,0.9449681878865174,raw_xgb
0.9700847268104553,0.9622641509433962,901,0.9477310566085217,0.9728720633187671,raw_xgb
0.9907739162445068,0.9866814650388457,901,0.9768652685889665,0.9923651469887433,raw_xgb
0.009719142645971913,0.0,902,0.0,0.004240918058963067,raw_rf
0.032819660014781975,0.0022172949002217295,902,0.0006082602471622557,0.008048440880275476,raw_rf
0.08566149297856616,0.022172949002217297,902,0.014398606234689845,0.03400014250901987,raw_rf
0.2588913525498891,0.1917960088691796,902,0.16743024272555584,0.21877591075646569,raw_rf
0.4977679231337768,0.458980044345898,902,0.42670213682483416,0.4916058764083845,raw_rf
0.6580155210643015,0.6618625277161863,902,0.6303606494436739,0.6919915145549765,raw_rf
0.7787384387717351,0.8091009988901221,901,0.7821472316524732,0.8334301246494474,raw_rf
0.8674768775434701,0.9267480577136515,901,0.9078628777926474,0.9420096302794838,raw_rf
0.9210062893081761,0.9611542730299667,901,0.9464547175036724,0.9719380708031429,raw_rf
0.9645357010728819,0.9678135405105438,901,0.9541570214664363,0.977497756563221,raw_rf
1.8351913240621798e-05,0.0,902,0.0,0.004240918058963067,pca_xgb
0.0003302076947875321,0.0011086474501108647,902,0.00019572527698086825,0.0062530843162195305,pca_xgb
0.004554158542305231,0.0011086474501108647,902,0.00019572527698086825,0.0062530843162195305,pca_xgb
0.0571868009865284,0.0565410199556541,902,0.043263691017379105,0.0735796952876879,pca_xgb
0.35581764578819275,0.36363636363636365,902,0.33288251611929437,0.3955468251695137,pca_xgb
0.7678643465042114,0.6906873614190687,902,0.659767600371362,0.7199897435174591,pca_xgb
0.9629957675933838,0.9289678135405105,901,0.9103100191475794,0.943983152165499,pca_xgb
0.9942105412483215,0.974472807991121,901,0.9619860545079552,0.9829307132445443,pca_xgb
0.9986239671707153,0.9889012208657048,901,0.9796906603277169,0.9939604184909403,pca_xgb
0.9996802806854248,0.9966703662597114,901,0.9902563877928932,0.9988670123690799,pca_xgb
0.06509921221506587,0.0,902,0.0,0.004240918058963067,pca_rf
0.13540765643980723,0.0,902,0.0,0.004240918058963067,pca_rf
0.22567622801769144,0.004434589800443459,902,0.0017258082083090103,0.011346675987603385,pca_rf
0.3378052715946286,0.10199556541019955,902,0.08390253987762587,0.12346439933117175,pca_rf
0.4634229695327256,0.38248337028824836,902,0.3513287844291212,0.4146347129417215,pca_rf
0.5650018712091882,0.6740576496674058,902,0.6427860403279206,0.7038529305473404,pca_rf
0.6752800724063212,0.9012208657047724,901,0.8800019817403125,0.9190328990609237,pca_rf
0.7874048088837211,0.9644839067702553,901,0.9502922037739254,0.974731579394311,pca_rf
0.8717498326374575,0.9800221975582686,901,0.968642009524395,0.9873264163304727,pca_rf
0.943474518318858,0.9933407325194229,901,0.9855478344982962,0.996944570802256,pca_rf
1.6617218534520362e-06,0.0,902,0.0,0.004240918058963067,norm_xgb
2.7104144919576356e-06,0.0,902,0.0,0.004240918058963067,norm_xgb
4.429330601851689e-06,0.0,902,0.0,0.004240918058963067,norm_xgb
0.0002841890091076493,0.0,902,0.0,0.004240918058963067,norm_xgb
0.22934232652187347,0.20620842572062084,902,0.18107761183999585,0.23383113158711097,norm_xgb
0.9045579433441162,0.8403547671840355,902,0.815014923599872,0.862807777410989,norm_xgb
0.9911245107650757,0.9689234184239733,901,0.9554520401325443,0.9784130695175867,norm_xgb
0.9975770115852356,0.9877913429522752,901,0.978271263839467,0.9931694833587166,norm_xgb
0.9992969632148743,0.9988901220865705,901,0.9937400059408641,0.9998040574620564,norm_xgb
0.9998565316200256,1.0,901,0.9957543950233941,0.9999999999999999,norm_xgb
0.0,0.0,902,0.0,0.004240918058963067,norm_rf
0.0,0.0,902,0.0,0.004240918058963067,norm_rf
0.0,0.0,902,0.0,0.004240918058963067,norm_rf
0.030514412416851443,0.0,902,0.0,0.004240918058963067,norm_rf
0.37602660753880274,0.2328159645232816,902,0.2064033678114165,0.26149477243738634,norm_rf
0.7396474501108647,0.8314855875831486,902,0.8056625303709726,0.8544970383659898,norm_rf
0.9355049944506104,0.9611542730299667,901,0.9464547175036724,0.9719380708031429,norm_rf
0.9732164261931187,0.9877913429522752,901,0.978271263839467,0.9931694833587166,norm_rf
0.9875249722530521,0.9922308546059934,901,0.9840504048908931,0.9962316687891852,norm_rf
0.9961021087680356,0.9966703662597114,901,0.9902563877928932,0.9988670123690799,norm_rf
1.0902388112299377e-06,0.0,902,0.0,0.004240918058963067,norm_mlp
5.8640603128878865e-06,0.0,902,0.0,0.004240918058963067,norm_mlp
2.3568565666209906e-05,0.0,902,0.0,0.004240918058963067,norm_mlp
0.0007742824964225292,0.0,902,0.0,0.004240918058963067,norm_mlp
0.25478243827819824,0.23170731707317074,902,0.20534496524413512,0.2603452834704304,norm_mlp
0.8615177273750305,0.8259423503325942,902,0.7998296726449249,0.8492904384208507,norm_mlp
0.9786912202835083,0.9578246392896781,901,0.9426413295198739,0.9691204639255202,norm_mlp
0.9940933585166931,0.9889012208657048,901,0.9796906603277169,0.9939604184909403,norm_mlp
0.9984744191169739,0.9988901220865705,901,0.9937400059408641,0.9998040574620564,norm_mlp
0.9998202323913574,0.9988901220865705,901,0.9937400059408641,0.9998040574620564,norm_mlp
1.977312240342144e-05,0.0,902,0.0,0.004240918058963067,pcaw_mlp
0.0011610701913014054,0.0066518847006651885,902,0.0030520379525959427,0.014436229311791119,pcaw_mlp
0.08215944468975067,0.06430155210643015,902,0.05006898529216612,0.08222964175256221,pcaw_mlp
0.3695566952228546,0.08536585365853659,902,0.06884268854305572,0.10540587765218196,pcaw_mlp
0.46798813343048096,0.2549889135254989,902,0.22762507998189974,0.28443089095164975,pcaw_mlp
0.49101898074150085,0.8536585365853658,902,0.8290925142604063,0.8752248851613026,pcaw_mlp
0.6458591818809509,0.8568257491675916,901,0.83243885418984,0.8781827617924491,pcaw_mlp
0.9415700435638428,0.9189789123196448,901,0.8993317467719517,0.9350684399568634,pcaw_mlp
0.9983454942703247,0.9711431742508324,901,0.9580532313808227,0.9802325415102556,pcaw_mlp
0.9999086856842041,0.9900110987791343,901,0.9811253141582951,0.9947360962808359,pcaw_mlp
0.001624836353585124,0.0,902,0.0,0.004240918058963067,pca_mlp
0.012303031049668789,0.0,902,0.0,0.004240918058963067,pca_mlp
0.10879568010568619,0.004434589800443459,902,0.0017258082083090103,0.011346675987603385,pca_mlp
0.31509125232696533,0.16186252771618626,902,0.13926755286511813,0.18732552919249543,pca_mlp
0.40313300490379333,0.46008869179600886,902,0.4278002452496115,0.4927156595178444,pca_mlp
0.4259885549545288,0.656319290465632,902,0.6247203044187676,0.6865924019086963,pca_mlp
0.5325645208358765,0.827968923418424,901,0.8019458761918594,0.851207117658114,pca_mlp
0.8075341582298279,0.9189789123196448,901,0.8993317467719517,0.9350684399568634,pca_mlp
0.9533144235610962,0.9822419533851277,901,0.9713488286323227,0.9890402604634926,pca_mlp
0.989474356174469,0.9900110987791343,901,0.9811253141582951,0.9947360962808359,pca_mlp
